gamma;sigma;type;method;sa_RMSE;weekly_RMSE;yearly_RMSE;trend_RMSE;remainder_RMSE;time;nb_years
0.2;;Deterministic DGP;X11;;;;;;;3
0.2;;Deterministic DGP;STL;0.291561594742908;0.182310760124553;0.225079212201629;0.189619149957758;0.199100025342202;0.286393709182739;3
0.2;;Deterministic DGP;AMB;0.0922522671964525;0.0165816276153118;0.0903886060689925;0.0751912423522322;0.0832381678746853;4.11179020404816;3
0.2;;Deterministic DGP;MAMB;0.275072874111894;0.0401600641306784;0.245892402767813;0.188380804282741;0.199637931943159;3.70102660179138;3
0.2;;Deterministic DGP;TBATS;0.0840654910719017;0.0158568645774753;0.0822216793062296;0.0913965208140409;0.0610317933303952;16.4490668964386;3
0.2;;Deterministic DGP;PROPHET;0.0689143012905585;0.0152019410963371;0.0670359982522796;0.0537026525919961;0.0476482728035173;2.42141742706299;3
0.2;;Deterministic DGP;MSTL;0.147490828854856;0.0653851088421417;0.129198946297552;0.0746621662786652;0.15799333052368;0.0106055784225464;3
0.4;;Deterministic DGP;X11;;;;;;;3
0.4;;Deterministic DGP;STL;0.433201239775944;0.363258401388543;0.22671163369147;0.187299732191266;0.382720016229207;0.0380011129379272;3
0.4;;Deterministic DGP;AMB;0.139242855470239;0.0299763551492792;0.135485091906356;0.103256685040085;0.143286211603094;2.31028954982758;3
0.4;;Deterministic DGP;MAMB;0.422969986581375;0.0609626937744703;0.387771596724748;0.149674033305905;0.392567829644247;3.05982521533966;3
0.4;;Deterministic DGP;TBATS;0.0982724309670977;0.0301326876373566;0.0926610197302196;0.110598746701404;0.103596622101895;15.0041968250275;3
0.4;;Deterministic DGP;PROPHET;0.084707915609837;0.0291310241017489;0.0790326559761056;0.0572508436834942;0.0786061142096085;1.5377724981308;3
0.4;;Deterministic DGP;MSTL;0.266797526921964;0.130005913310717;0.226221243640215;0.0838303755453404;0.275886301494945;0.0100035762786865;3
0.6;;Deterministic DGP;X11;;;;;;;3
0.6;;Deterministic DGP;STL;0.603731848624328;0.542520914210366;0.248000154591243;0.193601011360729;0.567909461806144;0.0361338996887207;3
0.6;;Deterministic DGP;AMB;0.181948867347853;0.0434880010304911;0.175600155947031;0.125465067778687;0.199017421400859;2.21493227005005;3
0.6;;Deterministic DGP;MAMB;0.574467770078383;0.0851887875688316;0.519731617674963;0.126129366774523;0.553149606839;2.93687458992004;3
0.6;;Deterministic DGP;TBATS;0.115084190026296;0.0456883152351781;0.10474635187239;0.127298790392358;0.142925447030318;15.9586261940002;3
0.6;;Deterministic DGP;PROPHET;0.106568713767745;0.0417119765053587;0.0973142162240045;0.0630913459739995;0.109568982302084;1.32973899364471;3
0.6;;Deterministic DGP;MSTL;0.390926759057449;0.194508622466701;0.32823670316425;0.0815561029067113;0.397470292853948;0.0368159484863281;3
0.2;0.025;Stochastic DGP;X11;;;;;;;3
0.2;0.025;Stochastic DGP;STL;0.374514747145716;0.181519424837023;0.325011607615161;0.233761843021808;0.262095955817483;0.03669264793396;3
0.2;0.025;Stochastic DGP;AMB;0.2560648591341;0.0620917858206421;0.246764056702588;0.243041584757432;0.104639566318795;3.21244394302368;3
0.2;0.025;Stochastic DGP;MAMB;0.269162430830268;0.0853418663807388;0.266464576514956;0.166825686012696;0.199347625907032;4.66748494625092;3
0.2;0.025;Stochastic DGP;TBATS;0.28346393597687;0.0977910371757297;0.26163887786073;0.279160634455949;0.124175711725485;16.3592427968979;3
0.2;0.025;Stochastic DGP;PROPHET;0.428869793855591;0.135384881913972;0.399083607983204;0.374067256261825;0.173941804330094;2.13043811798096;3
0.2;0.025;Stochastic DGP;MSTL;0.280515542923544;0.0682474059399267;0.270935609984657;0.15459141181838;0.295607483328774;0.0088715410232544;3
0.4;0.05;Stochastic DGP;X11;;;;;;;3
0.4;0.05;Stochastic DGP;STL;0.488324284919015;0.363533651939252;0.318834084795559;0.221106235209511;0.417457417768454;0.0360714340209961;3
0.4;0.05;Stochastic DGP;AMB;0.282392051271414;0.108449545563166;0.258431886467182;0.240685632325975;0.179548633220083;2.49972945213318;3
0.4;0.05;Stochastic DGP;MAMB;0.428149726542152;0.147216259894554;0.423477588450682;0.149399334671311;0.39776804119502;4.65883869171143;3
0.4;0.05;Stochastic DGP;TBATS;0.391786372893805;0.204295105529762;0.305258920927089;0.328258769717188;0.237824226782928;16.8910945224762;3
0.4;0.05;Stochastic DGP;PROPHET;0.420894537429299;0.264158555260394;0.304234819160902;0.246456815442255;0.309513674498412;1.80099795818329;3
0.4;0.05;Stochastic DGP;MSTL;0.351364241934962;0.139778418655514;0.320502376107519;0.133938827483267;0.356640871240464;0.0111378955841064;3
0.6;0.075;Stochastic DGP;X11;;;;;;;3
0.6;0.075;Stochastic DGP;STL;0.644081467335475;0.545523591032549;0.32953961094799;0.226964339105413;0.59307314546752;0.0381750679016113;3
0.6;0.075;Stochastic DGP;AMB;0.308344474799683;0.142660358260812;0.272131516765119;0.235496874570735;0.240083658753184;2.24408073425293;3
0.6;0.075;Stochastic DGP;MAMB;0.60259957950026;0.184190547702887;0.58767406255313;0.142986246101933;0.584246429671402;3.63917229175568;3
0.6;0.075;Stochastic DGP;TBATS;0.403383075166347;0.26739393211316;0.282741194739403;0.322643457540354;0.339798332058532;17.2176437187195;3
0.6;0.075;Stochastic DGP;PROPHET;0.442174807310504;0.343014346489607;0.263368259637588;0.17400003367178;0.393755226458157;1.36162907600403;3
0.6;0.075;Stochastic DGP;MSTL;0.454001935158484;0.20362288892382;0.400398100795149;0.145078108636883;0.464622318742929;0.0107419013977051;3
0.2;;Deterministic DGP;X11;;;;;;;4
0.2;;Deterministic DGP;STL;0.237001812300229;0.18114674775114;0.149020538436176;0.12202915052277;0.191534036830088;0.0611395645141602;4
0.2;;Deterministic DGP;AMB;0.0845568520375124;0.014486605474328;0.0825947838950835;0.0687535338555119;0.0791244610628932;2.7154395198822;4
0.2;;Deterministic DGP;MAMB;0.281633382071145;0.0383122850298883;0.253884548437403;0.185320317601325;0.195666921674573;3.23375516414642;4
0.2;;Deterministic DGP;TBATS;0.0641755184454073;0.012553262602351;0.062825564495512;0.0709411842224144;0.059806380336929;16.7052445840836;4
0.2;;Deterministic DGP;PROPHET;0.067304808261715;0.0126172305951145;0.0660119863885145;0.0446067605093129;0.053737957429166;1.79161183834076;4
0.2;;Deterministic DGP;MSTL;0.124072941973484;0.0650103446457241;0.102829684165981;0.04747231634982;0.131030678426796;0.0262304067611694;4
0.4;;Deterministic DGP;X11;;;;;;;4
0.4;;Deterministic DGP;STL;0.403310983530773;0.363822750679684;0.164668131519473;0.129008851370997;0.378031311141043;0.0503817653656006;4
0.4;;Deterministic DGP;AMB;0.125269620572227;0.02663578322024;0.121779099180624;0.0910389110121832;0.136449941189331;2.40243900775909;4
0.4;;Deterministic DGP;MAMB;0.401145831360392;0.057534616887257;0.364018039195156;0.105077306553966;0.380875289306859;3.10327875137329;4
0.4;;Deterministic DGP;TBATS;0.0780387204960295;0.0289016685796329;0.0719926175264763;0.0924034868986182;0.0984471228495156;17.0942279434204;4
0.4;;Deterministic DGP;PROPHET;0.0749157140144143;0.0250392348275665;0.0702369126955912;0.0431772232911439;0.0760255377861254;1.63086643218994;4
0.4;;Deterministic DGP;MSTL;0.236645791154589;0.129813589331818;0.191834910242505;0.0482060441475246;0.241035703865124;0.0351074743270874;4
0.6;;Deterministic DGP;X11;;;;;;;4
0.6;;Deterministic DGP;STL;0.577994715530563;0.544528987002668;0.176813006570008;0.133780341955116;0.563015810604314;0.0520776796340942;4
0.6;;Deterministic DGP;AMB;0.171810659881338;0.0388039260608394;0.166364857253174;0.113358948228703;0.189215275949133;2.22012132644653;4
0.6;;Deterministic DGP;MAMB;0.55608529290661;0.0825140125372922;0.502391198883836;0.101286105694717;0.534764753756522;2.97790644168854;4
0.6;;Deterministic DGP;TBATS;0.101051750120621;0.0393677999203007;0.092093619560308;0.112565286401581;0.131227121966389;16.4942584562302;4
0.6;;Deterministic DGP;PROPHET;0.0955952660341924;0.0354575029163979;0.0881883492587335;0.0499953475838158;0.101498018128612;1.41855755329132;4
0.6;;Deterministic DGP;MSTL;0.352712488203368;0.197962350774353;0.28200009296069;0.0584433162156081;0.356338179570991;0.0146964311599731;4
0.2;0.025;Stochastic DGP;X11;;;;;;;4
0.2;0.025;Stochastic DGP;STL;0.325249627280244;0.18157661887035;0.267888560076065;0.161306157065116;0.262572983821736;0.047983922958374;4
0.2;0.025;Stochastic DGP;AMB;0.256110805516144;0.0701781837791377;0.244366871256705;0.241572122045543;0.109515416602617;3.0888683795929;4
0.2;0.025;Stochastic DGP;MAMB;0.245040144352052;0.102461719015631;0.250782885362796;0.134247057180574;0.199527884376629;4.31952049732208;4
0.2;0.025;Stochastic DGP;TBATS;0.306033909944769;0.13185034569741;0.266140848791989;0.295116637318875;0.141293623262261;19.6107436466217;4
0.2;0.025;Stochastic DGP;PROPHET;0.396333153968822;0.19184868039763;0.33506962277211;0.28193759021114;0.248307387706147;2.39521333217621;4
0.2;0.025;Stochastic DGP;MSTL;0.266015700528398;0.0712048550037363;0.255886281637215;0.114127996709518;0.281292934038152;0.0111143732070923;4
0.4;0.05;Stochastic DGP;X11;;;;;;;4
0.4;0.05;Stochastic DGP;STL;0.465406730273526;0.361432394615397;0.286402010371964;0.172919315663032;0.420919652076804;0.049296612739563;4
0.4;0.05;Stochastic DGP;AMB;0.289097638366731;0.097699624373162;0.270354168322485;0.258997921485953;0.167044607436175;2.29027027606964;4
0.4;0.05;Stochastic DGP;MAMB;0.403651626894745;0.138997423665409;0.394384405958259;0.094805059921302;0.39187952270351;4.73988856315613;4
0.4;0.05;Stochastic DGP;TBATS;0.380286641082936;0.185504183059347;0.31425164359248;0.343681813644916;0.235400492609327;19.0784492015839;4
0.4;0.05;Stochastic DGP;PROPHET;0.425498372424954;0.296670021450166;0.287657772209506;0.185071882447326;0.363312322174424;2.04401352882385;4
0.4;0.05;Stochastic DGP;MSTL;0.338985173688082;0.135598200773863;0.30743975122461;0.087339045267448;0.340681249119662;0.0176063585281372;4
0.6;0.075;Stochastic DGP;X11;;;;;;;4
0.6;0.075;Stochastic DGP;STL;0.630393991096793;0.541850690194125;0.3102864405219;0.183444182506888;0.596487300586737;0.0492527961730957;4
0.6;0.075;Stochastic DGP;AMB;0.338905235831921;0.147361941883079;0.30297392566985;0.279824573093472;0.236380375799373;2.30612329483032;4
0.6;0.075;Stochastic DGP;MAMB;0.584456662844963;0.188745385452438;0.567713131915932;0.109090733545993;0.573832872635444;4.05250710010529;4
0.6;0.075;Stochastic DGP;TBATS;0.498787525191957;0.302323646614164;0.364271372258108;0.42257375678947;0.341825127867318;18.427062997818;4
0.6;0.075;Stochastic DGP;PROPHET;0.532578462296694;0.427901173428195;0.296211016113792;0.155556127698189;0.496885192365429;1.74149464130402;4
0.6;0.075;Stochastic DGP;MSTL;0.439568453462212;0.205132751913536;0.383937601525866;0.101086118257213;0.443367945863998;0.0235784292221069;4
0.2;;Deterministic DGP;X11;0.130048580536982;0.0622713659110658;0.113712219856128;0.0340641390230884;0.130130593609008;0.144749245643616;5
0.2;;Deterministic DGP;STL;0.226475870651507;0.181588499808129;0.132535629897718;0.098257746027017;0.197249934164389;0.0629233074188232;5
0.2;;Deterministic DGP;AMB;0.079052479333448;0.0126575027455049;0.0777507678896565;0.0641042467648769;0.0756268705294739;2.91803847789764;5
0.2;;Deterministic DGP;MAMB;0.252551611440307;0.0346611508840603;0.226333400330727;0.144060902356597;0.188944518543352;2.87219498157501;5
0.2;;Deterministic DGP;TBATS;0.063400823046733;0.0117267977784191;0.0622026703980703;0.0686624404378998;0.0580581836084807;17.7324532604218;5
0.2;;Deterministic DGP;PROPHET;0.0610582907252841;0.011488359528398;0.0598489852176543;0.0349661005241974;0.0532880851813616;1.84651645183563;5
0.2;;Deterministic DGP;MSTL;0.128417307337746;0.0655821732064868;0.108065367988214;0.0307718633040233;0.130645560358203;0.0139686012268066;5
0.4;;Deterministic DGP;X11;0.249414772515669;0.124152446373766;0.215096060303916;0.042785899048873;0.250867604145502;0.185161485671997;5
0.4;;Deterministic DGP;STL;0.393012285229066;0.363395519853876;0.141180211137935;0.100981068723828;0.379183040418396;0.0620415449142456;5
0.4;;Deterministic DGP;AMB;0.122059163995899;0.0246909708110189;0.118947207409009;0.0866096834510341;0.132758881621858;2.46891268253326;5
0.4;;Deterministic DGP;MAMB;0.377736634165477;0.0541171743865804;0.331442804368973;0.0972826635187086;0.346809528704921;2.69840834140778;5
0.4;;Deterministic DGP;TBATS;0.0750658115695627;0.0238808473537076;0.0706534670395808;0.0841804187521657;0.0953303304144475;16.9027602434158;5
0.4;;Deterministic DGP;PROPHET;0.0724020253083881;0.0222917817810558;0.0685684560426936;0.0355335414840138;0.0756558720907516;1.72349231243134;5
0.4;;Deterministic DGP;MSTL;0.228326189037045;0.131566691703332;0.180904013881072;0.0362757714978642;0.230574131708082;0.0106567096710205;5
0.6;;Deterministic DGP;X11;0.370476154276175;0.184979437874525;0.319013192957506;0.0536750228443856;0.373027517418674;0.187965574264526;5
0.6;;Deterministic DGP;STL;0.571495396831701;0.545259163804877;0.155241425697619;0.106748606682843;0.563727297531387;0.0613755464553833;5
0.6;;Deterministic DGP;AMB;0.161510976841606;0.0349804888781844;0.156715686397024;0.103937778939671;0.180727038698758;2.56144087314606;5
0.6;;Deterministic DGP;MAMB;0.520065428931816;0.0783775356542894;0.464092400752543;0.0726817519557968;0.496978370764576;3.87769184112549;5
0.6;;Deterministic DGP;TBATS;0.0898006185949177;0.0349585060213249;0.081899475419924;0.103609325919723;0.122636770142757;17.2686825275421;5
0.6;;Deterministic DGP;PROPHET;0.0855477958199496;0.0310348433222972;0.079176867613256;0.0428300034216926;0.0938813410669614;1.645011510849;5
0.6;;Deterministic DGP;MSTL;0.332855129873797;0.195437762789326;0.260712369997565;0.0415319685371328;0.335169359043716;0.0277500200271606;5
0.2;0.025;Stochastic DGP;X11;0.220793692424906;0.0689702378149789;0.211022461977766;0.0784913500445777;0.202499414253957;0.124756989479065;5
0.2;0.025;Stochastic DGP;STL;0.344540921138471;0.182037474879443;0.290498889586815;0.160899708434519;0.284960718473127;0.0617646789550781;5
0.2;0.025;Stochastic DGP;AMB;0.288869431304127;0.0612319740406188;0.280545278398306;0.278817096097051;0.10210623280037;3.33591661930084;5
0.2;0.025;Stochastic DGP;MAMB;0.224445594772258;0.089503970191994;0.228277958912852;0.0924790290809033;0.202263541724053;4.14231061458588;5
0.2;0.025;Stochastic DGP;TBATS;0.337078054221386;0.139938462270905;0.286749016956321;0.326773498466831;0.146357895826344;20.3380211687088;5
0.2;0.025;Stochastic DGP;PROPHET;0.395828204710194;0.188536057867453;0.331133684788851;0.22860164335229;0.295620086119272;2.53960494995117;5
0.2;0.025;Stochastic DGP;MSTL;0.297636958051651;0.0701794396404567;0.28851071901848;0.0738883256887184;0.298919707814093;0.0143233776092529;5
0.4;0.05;Stochastic DGP;X11;0.30581065056965;0.133451688957366;0.27758704285706;0.0849030506204294;0.294229618742336;0.104460573196411;5
0.4;0.05;Stochastic DGP;STL;0.47630879971558;0.362450887458695;0.301918737199369;0.165356296853744;0.434868159401608;0.0616659832000732;5
0.4;0.05;Stochastic DGP;AMB;0.314679222040457;0.0989975592253935;0.297214644108723;0.285508044852438;0.166774362024377;2.53092904090881;5
0.4;0.05;Stochastic DGP;MAMB;0.404261880829058;0.134478744109191;0.394159123542076;0.0957793596991167;0.391445243452716;4.38120975494385;5
0.4;0.05;Stochastic DGP;TBATS;0.384532079484464;0.230746858210199;0.292453559364486;0.342661664144343;0.249999466432838;20.8570774030685;5
0.4;0.05;Stochastic DGP;PROPHET;0.457394227221655;0.323136207555181;0.309450209750963;0.171101680773587;0.40899584182685;2.19751349925995;5
0.4;0.05;Stochastic DGP;MSTL;0.357984280888001;0.137148932572559;0.327936759782946;0.0808793360038562;0.359792968696574;0.0250257587432861;5
0.6;0.075;Stochastic DGP;X11;0.41576133274469;0.19674453504036;0.369639379759032;0.0924802425935159;0.40663715039351;0.101368522644043;5
0.6;0.075;Stochastic DGP;STL;0.638114722427371;0.545322629122436;0.318584759577361;0.171969814383106;0.606519510930178;0.0634993076324463;5
0.6;0.075;Stochastic DGP;AMB;0.352590904364413;0.134407059695949;0.324144664157148;0.300847304874244;0.226068445111992;2.4271092748642;5
0.6;0.075;Stochastic DGP;MAMB;0.576342776026866;0.170670462539089;0.55448310787816;0.0926167398936061;0.563438033503467;4.27658734321594;5
0.6;0.075;Stochastic DGP;TBATS;0.522145043256803;0.321320339263589;0.363228529355326;0.41648053957341;0.363637227287058;21.0667378473282;5
0.6;0.075;Stochastic DGP;PROPHET;0.537317870430404;0.417313811834721;0.31929352830462;0.143883181614789;0.50640376621105;1.92535630226135;5
0.6;0.075;Stochastic DGP;MSTL;0.441115794487053;0.204493100979971;0.38584778479451;0.0822672013373188;0.442407117993117;0.0166967535018921;5
0.2;;Deterministic DGP;X11;0.128354182316621;0.0617733223968977;0.111941106430418;0.0304805988616529;0.128786036107745;0.117992601394653;6
0.2;;Deterministic DGP;STL;0.212118637153401;0.181171093744318;0.107620299637783;0.0692788215038514;0.197634272321587;0.0732805442810059;6
0.2;;Deterministic DGP;AMB;0.0751826383406168;0.0118564131979738;0.0740026784235551;0.0609590355682285;0.0736996288370862;2.66399168014526;6
0.2;;Deterministic DGP;MAMB;0.265333592874986;0.0351112409806954;0.239168017207176;0.163830889591928;0.186929070257936;2.83653734207153;6
0.2;;Deterministic DGP;TBATS;0.0572817728003635;0.0112435428641593;0.0560362943135305;0.0642577961707279;0.0568835682591899;18.2665530538559;6
0.2;;Deterministic DGP;PROPHET;0.0552487770746348;0.0101882974203638;0.0542146360954605;0.0293876045446401;0.051652148055852;2.04798490047455;6
0.2;;Deterministic DGP;MSTL;0.128473133171163;0.0656755369577232;0.108226102226639;0.0261603367727227;0.130246233868735;0.0261865043640137;6
0.4;;Deterministic DGP;X11;0.24570065585001;0.122665228495048;0.211248040591993;0.041562246653774;0.247285388095044;0.1407475233078;6
0.4;;Deterministic DGP;STL;0.38366919759203;0.361181499127846;0.120798765650976;0.0751246429750672;0.377409530900209;0.0743380069732666;6
0.4;;Deterministic DGP;AMB;0.117165901840197;0.0228188704786795;0.114372653138768;0.0844117615385031;0.129744485659047;2.70147275924683;6
0.4;;Deterministic DGP;MAMB;0.383036666780253;0.0545105338251046;0.341532364016372;0.101694109589292;0.352683738312459;3.73036766052246;6
0.4;;Deterministic DGP;TBATS;0.0710402938308258;0.0211821073813035;0.0674615069136549;0.0793991019192812;0.0909500093114274;17.895304441452;6
0.4;;Deterministic DGP;PROPHET;0.0675222547241511;0.0196608963969839;0.0643347898060295;0.0344444701732398;0.0712389198561734;1.74620854377747;6
0.4;;Deterministic DGP;MSTL;0.220287112053816;0.131010405665366;0.171899252640667;0.0334028035029172;0.222266671602338;0.0202036046981812;6
0.6;;Deterministic DGP;X11;0.363047893398272;0.184022055042255;0.310280819467342;0.0514767295939637;0.365877823737685;0.115243096351624;6
0.6;;Deterministic DGP;STL;0.564054909795334;0.542065954794913;0.14116955561201;0.0897275112314452;0.55987227164778;0.0754542589187622;6
0.6;;Deterministic DGP;AMB;0.152832873681414;0.0345900749126778;0.147985224935428;0.0998959773347684;0.173664092411542;2.70145086765289;6
0.6;;Deterministic DGP;MAMB;0.488877834228398;0.0729761026926299;0.409712720677315;0.0715821637874277;0.43935072394991;2.95093337535858;6
0.6;;Deterministic DGP;TBATS;0.0846102320741877;0.0329792823087175;0.0773997505542985;0.099373206041288;0.120377100397959;17.7450632810593;6
0.6;;Deterministic DGP;PROPHET;0.0806832902804912;0.0301236826381842;0.0744629463082999;0.0407440233929968;0.0890940051049305;1.68310357093811;6
0.6;;Deterministic DGP;MSTL;0.316367876210967;0.197057130289447;0.239456844195201;0.0390440602350205;0.318353049935499;0.0218019342422485;6
0.2;0.025;Stochastic DGP;X11;0.230539490172141;0.0684393184942981;0.221220925098975;0.0817797213207064;0.212206513552977;0.11849992275238;6
0.2;0.025;Stochastic DGP;STL;0.359360257149305;0.182070191859205;0.308267805765631;0.161780048219881;0.299975383089907;0.0744048500061035;6
0.2;0.025;Stochastic DGP;AMB;0.324309469296778;0.0648297987583718;0.316289321330408;0.314040968153353;0.104332660859342;3.11403220653534;6
0.2;0.025;Stochastic DGP;MAMB;0.220546223342355;0.0798572180953912;0.222281453788808;0.0900233019421156;0.199138397792201;3.55530413150787;6
0.2;0.025;Stochastic DGP;TBATS;0.346728540913545;0.11636273704767;0.320863515689407;0.348657478300084;0.149602949599956;22.4850269317627;6
0.2;0.025;Stochastic DGP;PROPHET;0.417871953055609;0.199487068774275;0.35507947514662;0.21398473141772;0.340115834424427;2.6299006319046;6
0.2;0.025;Stochastic DGP;MSTL;0.328728695430842;0.0700072272985695;0.320698947135951;0.0706062452123808;0.325504200863948;0.0202254009246826;6
0.4;0.05;Stochastic DGP;X11;0.313008067581306;0.133851473777983;0.28439377819718;0.0864997673150652;0.299417349518816;0.115831341743469;6
0.4;0.05;Stochastic DGP;STL;0.484143125963529;0.363049660192816;0.311375082681278;0.168758227877649;0.439049170778162;0.0743564081192017;6
0.4;0.05;Stochastic DGP;AMB;0.34644256002447;0.0967774909861264;0.331211745283406;0.321295951302237;0.162692988854629;2.6181569814682;6
0.4;0.05;Stochastic DGP;MAMB;0.405610588320777;0.120643220197883;0.390869904805588;0.0980705481612024;0.390730548146113;4.62961278915405;6
0.4;0.05;Stochastic DGP;TBATS;0.419073955446611;0.214958720187823;0.337925046533256;0.386997351237687;0.245610761100809;21.0623069524765;6
0.4;0.05;Stochastic DGP;PROPHET;0.500912922681681;0.342307280174787;0.348908046938175;0.181486465319784;0.450313761425343;2.40714072704315;6
0.4;0.05;Stochastic DGP;MSTL;0.376037520610537;0.137631940050234;0.347072907528264;0.0690438994305515;0.372924609673902;0.0136929845809937;6
0.6;0.075;Stochastic DGP;X11;0.408706965861351;0.195385585519642;0.361392998971786;0.0868453651364854;0.401375098726389;0.114571409225464;6
0.6;0.075;Stochastic DGP;STL;0.628897156648165;0.542748424882336;0.307172078231249;0.163460182611139;0.600118569666351;0.0735655927658081;6
0.6;0.075;Stochastic DGP;AMB;0.354435416483249;0.135077896565647;0.326263375118403;0.302697700842071;0.223734399319041;2.51385410785675;6
0.6;0.075;Stochastic DGP;MAMB;0.569221727968683;0.16928427223726;0.54979393227203;0.0923897577577843;0.558400341559458;3.73287200450897;6
0.6;0.075;Stochastic DGP;TBATS;0.483036688248247;0.3017164343663;0.345155325545502;0.379495053738611;0.354775550146066;20.7098948335648;6
0.6;0.075;Stochastic DGP;PROPHET;0.553584479111687;0.439640914009182;0.320657827118839;0.129080810260181;0.530008183990153;2.15258265018463;6
0.6;0.075;Stochastic DGP;MSTL;0.433198148960641;0.20300380445885;0.378362501295156;0.0766193523600207;0.433409278639253;0.0175895214080811;6
0.2;;Deterministic DGP;X11;0.12657187858197;0.0619036643275986;0.109587339836803;0.0260414049130044;0.127353809272287;0.133545198440552;7
0.2;;Deterministic DGP;STL;0.208926889608757;0.18180339419394;0.100420404516448;0.0619175155478721;0.198331345824357;0.0865160036087036;7
0.2;;Deterministic DGP;AMB;0.0726501810378076;0.0108454939336119;0.0715946385290463;0.0569342881098808;0.0726926742844281;2.74149544239044;7
0.2;;Deterministic DGP;MAMB;0.226176494429117;0.0310040908250283;0.203566684874938;0.126665368419617;0.174662225219011;2.64960395812988;7
0.2;;Deterministic DGP;TBATS;0.0514346027303417;0.00954537490220828;0.0504904728800389;0.0572568071779358;0.0553265570178204;18.3477194976807;7
0.2;;Deterministic DGP;PROPHET;0.0505467525507152;0.00896496321589793;0.0496575428009153;0.0235218330995074;0.050661800025407;2.00936634540558;7
0.2;;Deterministic DGP;MSTL;0.127281840291827;0.0657915137290101;0.107085838824662;0.0200202452067577;0.128095246787441;0.0210190916061401;7
0.4;;Deterministic DGP;X11;0.241377077600891;0.122995352862658;0.20593796424219;0.0376643723040806;0.243227807324875;0.144011702537537;7
0.4;;Deterministic DGP;STL;0.380336111744031;0.362166604969065;0.107962080119383;0.0671341616305695;0.37636871850778;0.0896036386489868;7
0.4;;Deterministic DGP;AMB;0.110716429133682;0.0233607617536032;0.10760764977046;0.0774996714565485;0.123923919350982;2.66372395038605;7
0.4;;Deterministic DGP;MAMB;0.35217952996835;0.0531015777726018;0.313132830853376;0.0868597897520761;0.328288060266282;3.17000503063202;7
0.4;;Deterministic DGP;TBATS;0.0626953703359714;0.0219685091196122;0.0584174224957868;0.0783536427298369;0.0879335505898137;18.9376081991196;7
0.4;;Deterministic DGP;PROPHET;0.0610588096970461;0.0194280253956837;0.0575350044781012;0.0313865953013085;0.0662189254260329;1.71703879833221;7
0.4;;Deterministic DGP;MSTL;0.212821526036331;0.131940201062069;0.162236203257207;0.0280673536946244;0.214328631725851;0.0185938405990601;7
0.6;;Deterministic DGP;X11;0.359473748202333;0.185151412845131;0.305673625749828;0.047706354022985;0.362112942577371;0.137820291519165;7
0.6;;Deterministic DGP;STL;0.561405775946657;0.542794567154804;0.128712737901045;0.0788503228873407;0.559347286844657;0.0862607860565186;7
0.6;;Deterministic DGP;AMB;0.151025476263285;0.0344541904031958;0.14619495419488;0.0944658665784567;0.171842153933666;2.64722541809082;7
0.6;;Deterministic DGP;MAMB;0.43574222199676;0.066245377230798;0.33383459303293;0.0628235708055304;0.359283446507784;2.41880226135254;7
0.6;;Deterministic DGP;TBATS;0.0784562800538758;0.0315686829497427;0.0711476360843145;0.0935975872931404;0.114223528395824;18.2594100570679;7
0.6;;Deterministic DGP;PROPHET;0.0764981592084865;0.0290139674115281;0.0704257302340649;0.0364007473319285;0.0840690502360342;1.81145708084106;7
0.6;;Deterministic DGP;MSTL;0.305479259065243;0.196630948572183;0.226298468447479;0.0330124026955232;0.307061441301925;0.0154676198959351;7
0.2;0.025;Stochastic DGP;X11;0.231286727655155;0.0696803538460263;0.221566244645873;0.0781420808763833;0.212690506202628;0.136161012649536;7
0.2;0.025;Stochastic DGP;STL;0.36946204054202;0.182850949931535;0.318839273643422;0.165193182199599;0.304978492956862;0.0856840801239014;7
0.2;0.025;Stochastic DGP;AMB;0.33934639923475;0.0660939144853888;0.331605299440547;0.329174150270862;0.104794065528879;3.39740327835083;7
0.2;0.025;Stochastic DGP;MAMB;0.227356464461782;0.0942024978186478;0.231307218706849;0.0874208132893192;0.207518516105798;3.58411648750305;7
0.2;0.025;Stochastic DGP;TBATS;0.344450341157038;0.143124801848479;0.306020348175777;0.351500603097729;0.198751024093861;23.7550778245926;7
0.2;0.025;Stochastic DGP;PROPHET;0.457053230837451;0.239419440014159;0.376112668966198;0.209437848906355;0.384868319265725;2.95638372421265;7
0.2;0.025;Stochastic DGP;MSTL;0.343467558551936;0.0713516051909944;0.335484075597356;0.0677693122074094;0.340129432691249;0.0219762372970581;7
0.4;0.05;Stochastic DGP;X11;0.306737048739157;0.132275671276842;0.27795339924328;0.0791437754439753;0.29506976393656;0.13519832611084;7
0.4;0.05;Stochastic DGP;STL;0.482069620571528;0.360412565877645;0.313794722164542;0.165405125927242;0.438375032064869;0.086408634185791;7
0.4;0.05;Stochastic DGP;AMB;0.353748953400624;0.0988151679099671;0.338374201136072;0.330462893930464;0.163003070892883;2.58766665935516;7
0.4;0.05;Stochastic DGP;MAMB;0.400996615458132;0.130921694817749;0.391328101991526;0.0916824372530559;0.389610663927697;4.45168879032135;7
0.4;0.05;Stochastic DGP;TBATS;0.44455100168474;0.237738956749158;0.3522746719802;0.517120073364341;0.358752740276494;22.156844792366;7
0.4;0.05;Stochastic DGP;PROPHET;0.533051430897756;0.375611254740092;0.355967340691644;0.158644732718414;0.493597806595715;2.74186876296997;7
0.4;0.05;Stochastic DGP;MSTL;0.377048294268665;0.137119282400048;0.349048896668749;0.0648646901641214;0.37563178053081;0.0183793592453003;7
0.6;0.075;Stochastic DGP;X11;0.409044828826565;0.191238354609692;0.361978048167073;0.0862647812613418;0.401251925695493;0.138878955841064;7
0.6;0.075;Stochastic DGP;STL;0.643496935605982;0.544604932795362;0.330085510206068;0.170474990159391;0.610629210063827;0.0907566261291504;7
0.6;0.075;Stochastic DGP;AMB;0.38507469007043;0.125571425725821;0.362591396210087;0.340904332315135;0.216774387664814;2.56712637901306;7
0.6;0.075;Stochastic DGP;MAMB;0.571766889337904;0.15196731749282;0.552798742336118;0.0888166063243013;0.565694973599737;4.07717965602875;7
0.6;0.075;Stochastic DGP;TBATS;0.488768049328971;0.284516811234624;0.367557563782646;0.431152875964367;0.345371653063615;21.503726568222;7
0.6;0.075;Stochastic DGP;PROPHET;0.602400163345197;0.465392463167334;0.361640836034524;0.12452829785916;0.579001197494598;2.40087532043457;7
0.6;0.075;Stochastic DGP;MSTL;0.449042116946081;0.201660946689106;0.396175500593744;0.0650461290518517;0.44801148115218;0.0176454877853394;7
0.2;;Deterministic DGP;X11;0.124040593256556;0.0616665935499654;0.106716946360807;0.0220459088552084;0.1250001036562;0.153656678199768;8
0.2;;Deterministic DGP;STL;0.201107937444242;0.180909885255011;0.0851269889426699;0.0508127284090616;0.194234861965895;0.0991893577575684;8
0.2;;Deterministic DGP;AMB;0.0717553264096867;0.0112542009865682;0.0706242631475524;0.05717869824874;0.0714651424036656;2.86118304729462;8
0.2;;Deterministic DGP;MAMB;0.203117229141753;0.0285530642386908;0.178900931212113;0.0830107210701756;0.174251382571348;2.72845911026001;8
0.2;;Deterministic DGP;TBATS;0.0517541130063118;0.00972217656703784;0.0507687029257995;0.0578929955533822;0.054381631925894;18.423491101265;8
0.2;;Deterministic DGP;PROPHET;0.0518218798762534;0.00893297856095801;0.0509887659855187;0.0195769498918215;0.0533769095504887;2.24311089992523;8
0.2;;Deterministic DGP;MSTL;0.12186186935384;0.0659299790783161;0.10064157294203;0.0155734108755384;0.122435960481219;0.0155020093917847;8
0.4;;Deterministic DGP;X11;0.239441302576736;0.123232056387136;0.203171940206643;0.0333432965490379;0.241063625979635;0.157102365493774;8
0.4;;Deterministic DGP;STL;0.377242267780172;0.362352033275676;0.0965030857515332;0.0581368890100321;0.375077144451396;0.0983484649658203;8
0.4;;Deterministic DGP;AMB;0.110084720516867;0.0208976707324403;0.107573173531318;0.0761717214140691;0.122704030352545;2.69445423603058;8
0.4;;Deterministic DGP;MAMB;0.334011761906412;0.0488275980294093;0.276367475221969;0.0641395621046309;0.295526504564748;3.06010653495789;8
0.4;;Deterministic DGP;TBATS;0.0615211165383232;0.0183465824985892;0.0584001718998704;0.0730851984720545;0.0841504722271713;18.9707935523987;8
0.4;;Deterministic DGP;PROPHET;0.0608550630992139;0.0159182564552653;0.0585850567514451;0.0274260316838281;0.065844487232477;1.79004384040833;8
0.4;;Deterministic DGP;MSTL;0.207384446432217;0.132155471958505;0.155073040072799;0.0244051475804375;0.208407320602332;0.0163657140731812;8
0.6;;Deterministic DGP;X11;0.355521292959476;0.183588565663477;0.301248733099959;0.0487805939313894;0.358449680738608;0.154226446151733;8
0.6;;Deterministic DGP;STL;0.557736855886064;0.542928301690344;0.11159726178334;0.0704657502190435;0.557389897406149;0.100344471931458;8
0.6;;Deterministic DGP;AMB;0.144974110886375;0.0318469860326858;0.140588567907552;0.0865524709155961;0.163078801794082;3.21791083812714;8
0.6;;Deterministic DGP;MAMB;0.420045977509735;0.0676210472682455;0.341023566523076;0.0651899001012279;0.3647468166078;2.91397794246674;8
0.6;;Deterministic DGP;TBATS;0.0722030643666355;0.0268545649071823;0.0665387681424735;0.0919042928412179;0.109409407589434;18.7005379724503;8
0.6;;Deterministic DGP;PROPHET;0.0706394053165692;0.0251659045058082;0.0656332307831317;0.036128103510317;0.0785716547014653;1.96683462142944;8
0.6;;Deterministic DGP;MSTL;0.297893684052766;0.197013440790443;0.215505898176898;0.0313594495612817;0.2993676023372;0.0174172830581665;8
0.2;0.025;Stochastic DGP;X11;0.218708735594011;0.0664694242371401;0.209248793938296;0.069499943054903;0.203034615106066;0.157289309501648;8
0.2;0.025;Stochastic DGP;STL;0.35008035487085;0.181388585754708;0.297501463590214;0.147968322666495;0.294036032270233;0.0995053863525391;8
0.2;0.025;Stochastic DGP;AMB;0.341627896858836;0.0589980801693404;0.335525623207715;0.332523284786063;0.0993648064452133;3.0965588760376;8
0.2;0.025;Stochastic DGP;MAMB;0.212878584072301;0.0846179197317479;0.212294434527689;0.0629854264655266;0.200921930257596;4.21027757167816;8
0.2;0.025;Stochastic DGP;TBATS;0.327397747432605;0.0977209674334189;0.308497401005512;0.326455974530925;0.126779898339865;24.9876847648621;8
0.2;0.025;Stochastic DGP;PROPHET;0.441247625670913;0.216229136456315;0.376187444953223;0.175027359662272;0.391178037573146;3.00044929504395;8
0.2;0.025;Stochastic DGP;MSTL;0.335064828839797;0.0692260018669788;0.327286622771195;0.0498965480731533;0.332060609522593;0.0154292106628418;8
0.4;0.05;Stochastic DGP;X11;0.308152362665931;0.132485496553172;0.279348496395722;0.0802017019498395;0.295884322816722;0.151372222900391;8
0.4;0.05;Stochastic DGP;STL;0.484708305366395;0.36380967409057;0.313664764383906;0.163492842232529;0.440734009892821;0.0997276830673218;8
0.4;0.05;Stochastic DGP;AMB;0.378843729109782;0.0959472357638808;0.365611984535998;0.354733157601163;0.161997761994572;2.58963949680328;8
0.4;0.05;Stochastic DGP;MAMB;0.406789678524834;0.131972373920325;0.397073935236485;0.0952586755700825;0.393703022886724;4.79357223033905;8
0.4;0.05;Stochastic DGP;TBATS;0.45996325549215;0.229167932593005;0.376477500537109;0.409460175712559;0.272353662271251;23.0501721191406;8
0.4;0.05;Stochastic DGP;PROPHET;0.549727778121779;0.37994941738917;0.38604632061915;0.152784269929244;0.514910208075846;2.6218864440918;8
0.4;0.05;Stochastic DGP;MSTL;0.386461001970172;0.138591004746159;0.358528922341016;0.066543698591554;0.384875684470685;0.0307622861862183;8
0.6;0.075;Stochastic DGP;X11;0.402625148733514;0.193056830047383;0.35406471228261;0.0794387464592366;0.3966165679911;0.151923885345459;8
0.6;0.075;Stochastic DGP;STL;0.62885053599532;0.543255655113496;0.307002120362574;0.160076645599992;0.599886862441623;0.0991752004623413;8
0.6;0.075;Stochastic DGP;AMB;0.383472067446207;0.129096648765559;0.360157183643788;0.342252694689705;0.216397706960731;2.71495707511902;8
0.6;0.075;Stochastic DGP;MAMB;0.56348164593966;0.157209931482669;0.535615841789085;0.0894271694488653;0.547305237813771;4.16326706886291;8
0.6;0.075;Stochastic DGP;TBATS;0.498381932756608;0.32736003656625;0.341526163386742;0.407074519692813;0.365123228007051;26.0787128400803;8
0.6;0.075;Stochastic DGP;PROPHET;0.61019196279788;0.484761715388639;0.36065972566069;0.109993306933224;0.595067148459765;2.5275706243515;8
0.6;0.075;Stochastic DGP;MSTL;0.432299578805921;0.202976303657316;0.377711080221866;0.0635084834615449;0.431717583422329;0.01694411277771;8
0.2;;Deterministic DGP;X11;0.125968839054055;0.0619317688012724;0.108739742761959;0.0221281888897279;0.126552616640288;0.174926090240479;9
0.2;;Deterministic DGP;STL;0.205657109705026;0.18190682022108;0.0935159759668019;0.0488123153151355;0.199844999104978;0.12794529914856;9
0.2;;Deterministic DGP;AMB;0.0724074333650554;0.0117026315894444;0.0710004951975141;0.0578643666437233;0.0702311713300175;2.87838913440704;9
0.2;;Deterministic DGP;MAMB;0.192139373216198;0.0275086320645202;0.170269074417797;0.0738606143182247;0.167047829046457;2.75766405105591;9
0.2;;Deterministic DGP;TBATS;0.0550306149908712;0.0091658087339157;0.0541621931218531;0.0585036530171447;0.0552517863759404;19.5419557285309;9
0.2;;Deterministic DGP;PROPHET;0.0516833070110318;0.00849308988613945;0.0508949278893388;0.0185689923062704;0.0538037030180495;2.20879004478455;9
0.2;;Deterministic DGP;MSTL;0.131364752651497;0.0662766591188144;0.111738234203601;0.0173618891180653;0.131489511164039;0.0194144010543823;9
0.4;;Deterministic DGP;X11;0.239066251417114;0.123041014834002;0.202892731952503;0.0332806727352329;0.240731418675748;0.174592413902283;9
0.4;;Deterministic DGP;STL;0.381270723452346;0.363859891554706;0.106607291422147;0.0562292590885233;0.379480482826757;0.112757472991943;9
0.4;;Deterministic DGP;AMB;0.11116482334197;0.02202797929259;0.108441249846645;0.076799530772495;0.121622349678103;2.87420935153961;9
0.4;;Deterministic DGP;MAMB;0.306211649987664;0.0447399654134955;0.236746998406855;0.057711115964115;0.254770344819289;2.82672239780426;9
0.4;;Deterministic DGP;TBATS;0.0648383386718104;0.0180306280941071;0.0619732937826811;0.066871948272069;0.0832195014884526;19.3703498601913;9
0.4;;Deterministic DGP;PROPHET;0.0622594185264687;0.0161685566332768;0.0599152399326952;0.0253870369665304;0.0667262689562822;1.94826058864593;9
0.4;;Deterministic DGP;MSTL;0.211172798403614;0.132102103470916;0.160529216972866;0.0233022008408138;0.211997688798029;0.015712833404541;9
0.6;;Deterministic DGP;X11;0.35347562752697;0.184650761789889;0.298011565299974;0.0469282443352403;0.356257628191683;0.170693855285645;9
0.6;;Deterministic DGP;STL;0.559833014414058;0.544022181488281;0.11748092808697;0.0690030223676526;0.560100544294831;0.111275787353516;9
0.6;;Deterministic DGP;AMB;0.146044101254899;0.0319699507927446;0.141712501506811;0.0871470854438141;0.16324280459011;3.40776826381683;9
0.6;;Deterministic DGP;MAMB;0.416198505381236;0.064649155180387;0.309386999115495;0.0599024246909359;0.333381017555864;2.82866274356842;9
0.6;;Deterministic DGP;TBATS;0.072560133989663;0.0267220785614104;0.0667504615306104;0.0882290429684343;0.107093756104692;19.8447952795029;9
0.6;;Deterministic DGP;PROPHET;0.0711957700248373;0.0237895524533933;0.0666823579594655;0.0351918038561204;0.0792310197322414;1.95867565155029;9
0.6;;Deterministic DGP;MSTL;0.296676950907013;0.198852651311621;0.213211887591188;0.0314180969068271;0.298081414912195;0.0261612415313721;9
0.2;0.025;Stochastic DGP;X11;0.225793032111674;0.0667307924283967;0.2163045814374;0.0693231836922533;0.210403290275249;0.177201652526855;9
0.2;0.025;Stochastic DGP;STL;0.37194985001974;0.182030608171336;0.322128912583329;0.159989235494856;0.311321644980089;0.109751505851746;9
0.2;0.025;Stochastic DGP;AMB;0.362543404680844;0.0582065707628192;0.35691506186311;0.353661114780669;0.0997992729888494;3.07428473949432;9
0.2;0.025;Stochastic DGP;MAMB;0.217349889373252;0.0897123905103384;0.218926816901339;0.0701247546842335;0.20242951415672;4.06617016792297;9
0.2;0.025;Stochastic DGP;TBATS;0.34825482287456;0.113745449131935;0.324261644520974;0.347861021099804;0.147610791198726;27.6186156177521;9
0.2;0.025;Stochastic DGP;PROPHET;0.47403903798836;0.228587454002537;0.402319054689699;0.166295717292859;0.428071143282771;3.17769085884094;9
0.2;0.025;Stochastic DGP;MSTL;0.357603570169437;0.069523475460544;0.350264154037521;0.0531314312100391;0.353195038354342;0.0214787292480469;9
0.4;0.05;Stochastic DGP;X11;0.307110189776723;0.130815270714917;0.278558014905053;0.0764079898555272;0.296328683776787;0.170478067398071;9
0.4;0.05;Stochastic DGP;STL;0.495521334257495;0.36183211369409;0.332722529558511;0.171383816720586;0.447428037135406;0.112683215141296;9
0.4;0.05;Stochastic DGP;AMB;0.39360255944547;0.090040493532864;0.382409130946471;0.374086737413443;0.156145318254602;2.86427117824554;9
0.4;0.05;Stochastic DGP;MAMB;0.397855764526757;0.125321496761171;0.385238699446349;0.0832959972963484;0.38641945306009;5.52082369804382;9
0.4;0.05;Stochastic DGP;TBATS;0.431448550423826;0.219573528958966;0.353898827970974;0.408313755086318;0.261288584288185;26.8514067697525;9
0.4;0.05;Stochastic DGP;PROPHET;0.56445740447153;0.379964258748243;0.404617313738249;0.149590546398088;0.5351270120159;2.95555696964264;9
0.4;0.05;Stochastic DGP;MSTL;0.399531913305926;0.136404411501696;0.373423711402714;0.0587360065328044;0.397278970359884;0.0301796388626099;9
0.6;0.075;Stochastic DGP;X11;0.403555394415088;0.1925631940915;0.35447627912316;0.0825788531427116;0.396521179379694;0.177012071609497;9
0.6;0.075;Stochastic DGP;STL;0.64477198038532;0.544030996842498;0.336207324802913;0.177680462155762;0.608595511167481;0.114010143280029;9
0.6;0.075;Stochastic DGP;AMB;0.414283128192361;0.125746710297819;0.393358769668792;0.373155952331351;0.215317061336278;2.77349943637848;9
0.6;0.075;Stochastic DGP;MAMB;0.576868361157404;0.151227993327059;0.556959913328048;0.0996321398196979;0.568708310173644;4.44680968761444;9
0.6;0.075;Stochastic DGP;TBATS;0.488248524212385;0.298269300664424;0.361539593554298;0.42954297349425;0.36898202668606;26.7993464136124;9
0.6;0.075;Stochastic DGP;PROPHET;0.624181180534795;0.468205543983543;0.398260208407101;0.120353844979635;0.603520625814984;2.73842781543732;9
0.6;0.075;Stochastic DGP;MSTL;0.450925213078335;0.202865016223085;0.398339989773641;0.0662281536780425;0.448973780048968;0.0225841474533081;9
0.2;;Deterministic DGP;X11;0.124721781123595;0.0618058213263637;0.10725613956087;0.0203634232307968;0.125414444699257;0.193097681999207;10
0.2;;Deterministic DGP;STL;0.203009399006706;0.181590682970598;0.0883173178631711;0.0413581673526739;0.19885926876346;0.124173202514648;10
0.2;;Deterministic DGP;AMB;0.0698111432224984;0.0106509946742544;0.0687513760165958;0.0558835727761043;0.068120279578131;3.14245787143707;10
0.2;;Deterministic DGP;MAMB;0.190091736766148;0.0269148093671343;0.163829326618177;0.0734556755613497;0.162751352533588;3.63890724658966;10
0.2;;Deterministic DGP;TBATS;0.0506479099844196;0.00841862531610837;0.0498851278596509;0.054098129019183;0.0527086673100037;21.9103439855576;10
0.2;;Deterministic DGP;PROPHET;0.0494318009726705;0.0076512024817634;0.0487691086864165;0.0184780242615436;0.0513013015816238;2.3901641702652;10
0.2;;Deterministic DGP;MSTL;0.13084289122515;0.0663486181246533;0.111202748308857;0.0141903750025171;0.131106208522862;0.0195021677017212;10
0.4;;Deterministic DGP;X11;0.237283911519352;0.123529187466677;0.200303090533319;0.0330171785375765;0.239184908626492;0.194451189041138;10
0.4;;Deterministic DGP;STL;0.37891030454977;0.363019822946308;0.101187719141681;0.0525855926638279;0.378165165413415;0.123283495903015;10
0.4;;Deterministic DGP;AMB;0.108525224629708;0.0217324987479407;0.105769501410921;0.0728233319072446;0.11899616591127;3.12789254188538;10
0.4;;Deterministic DGP;MAMB;0.302395549547974;0.0468242578071443;0.24686270268637;0.0590073289180943;0.26258836477811;2.93532849788666;10
0.4;;Deterministic DGP;TBATS;0.0610949820414184;0.017624593173331;0.058153911182268;0.0676087128111016;0.082077032527045;19.6106777238846;10
0.4;;Deterministic DGP;PROPHET;0.0594285742745129;0.015605577091641;0.0570522323376415;0.0261568965366781;0.0643596952140011;2.11551746368408;10
0.4;;Deterministic DGP;MSTL;0.209555766421523;0.132262058579512;0.158289994105919;0.0232019191088523;0.210341733265032;0.0257802772521973;10
0.6;;Deterministic DGP;X11;0.35218469680817;0.185603092670905;0.295243367365652;0.0458437275733062;0.354833345571465;0.192203512191772;10
0.6;;Deterministic DGP;STL;0.559484961054782;0.544072817892062;0.115476139712146;0.0656609824905646;0.560132891840351;0.122658896446228;10
0.6;;Deterministic DGP;AMB;0.14488240182692;0.0319943007408406;0.140458441424424;0.0804008896670826;0.160182393294407;3.52360803604126;10
0.6;;Deterministic DGP;MAMB;0.385462837071203;0.0617357982977802;0.280103070212621;0.0578632552679109;0.304460733869311;2.94667329788208;10
0.6;;Deterministic DGP;TBATS;0.0698718732357731;0.0251394053161887;0.0646959788788814;0.0848432742988278;0.103459800432759;19.8825310468674;10
0.6;;Deterministic DGP;PROPHET;0.0684916985138092;0.0232642911755886;0.0641392071247213;0.0325498702381633;0.0754290265196318;2.06136193275452;10
0.6;;Deterministic DGP;MSTL;0.294261107910879;0.199011144363806;0.209286442307498;0.0301954155415481;0.295443590292499;0.0353512144088745;10
0.2;0.025;Stochastic DGP;X11;0.233624536339442;0.069883764872585;0.22410381724135;0.0752159968296178;0.215855468634882;0.187954125404358;10
0.2;0.025;Stochastic DGP;STL;0.38218537580551;0.182123786547984;0.334116273098616;0.171673704201792;0.313264654934646;0.122389998435974;10
0.2;0.025;Stochastic DGP;AMB;0.387516335205295;0.0622193616382515;0.381402946639902;0.379843834188048;0.102904165533614;3.23821469306946;10
0.2;0.025;Stochastic DGP;MAMB;0.208793178489096;0.111134802248308;0.224787927077518;0.0596797273582556;0.199734455987594;4.42689646720886;10
0.2;0.025;Stochastic DGP;TBATS;0.453058296400754;0.180977071290541;0.393232574145269;0.429236699650832;0.177184449258387;28.2204370117188;10
0.2;0.025;Stochastic DGP;PROPHET;0.539905746619411;0.292729896320605;0.43646311697951;0.172077587233633;0.493871911858932;3.26641766548157;10
0.2;0.025;Stochastic DGP;MSTL;0.373003882163414;0.0713861065985925;0.3657430950035;0.0495151998849882;0.368439961299271;0.0366044807434082;10
0.4;0.05;Stochastic DGP;X11;0.306757269904154;0.131977503618184;0.277526378461083;0.072441271741225;0.296594437141678;0.19035719871521;10
0.4;0.05;Stochastic DGP;STL;0.494141077087189;0.363259575661361;0.327889100492998;0.161921284472159;0.450811050249742;0.12710232257843;10
0.4;0.05;Stochastic DGP;AMB;0.410474959685734;0.0930937746934306;0.398442853444916;0.389430608726741;0.158832534598813;2.85147019863129;10
0.4;0.05;Stochastic DGP;MAMB;0.401609752625934;0.139296242749117;0.390873870473855;0.0750566236113287;0.392202051470567;5.36679204463959;10
0.4;0.05;Stochastic DGP;TBATS;0.492805832130887;0.268390624506205;0.38542515933193;0.450904676814607;0.286097543891498;27.2979791259766;10
0.4;0.05;Stochastic DGP;PROPHET;0.614939355240655;0.424897225528302;0.422938333139292;0.119219494096781;0.592220679114494;2.99846441745758;10
0.4;0.05;Stochastic DGP;MSTL;0.403199130582342;0.138227464257955;0.376376276143205;0.0525927168864807;0.399743432557738;0.0418819093704224;10
0.6;0.075;Stochastic DGP;X11;0.398036469744746;0.192108777935427;0.348127114809129;0.0812378805310444;0.391083198033847;0.1842964220047;10
0.6;0.075;Stochastic DGP;STL;0.636638253997438;0.543972973755193;0.32037761490588;0.167731068274961;0.604888007638242;0.120724549293518;10
0.6;0.075;Stochastic DGP;AMB;0.42214810376842;0.123924538449356;0.402419297610567;0.384746348342001;0.211874593409271;2.84087383747101;10
0.6;0.075;Stochastic DGP;MAMB;0.576036795325429;0.166397623473149;0.542941750444676;0.0834412222101858;0.562117896653451;4.91038872718811;10
0.6;0.075;Stochastic DGP;TBATS;0.468082458625833;0.297741856099826;0.344161127140903;0.394969703703608;0.344068665385941;27.3395746183395;10
0.6;0.075;Stochastic DGP;PROPHET;0.643657752055962;0.480270559867514;0.414660022017961;0.0985993293122662;0.628608539922562;2.67375705242157;10
0.6;0.075;Stochastic DGP;MSTL;0.443312909918739;0.203211180214766;0.389617404384615;0.0586824701140167;0.440421533371271;0.0412517356872559;10
0.2;;Deterministic DGP;X11;0.123270787365673;0.0610195889435314;0.106125833969173;0.0200618793803585;0.123876756945884;0.219421501159668;11
0.2;;Deterministic DGP;STL;0.203981822957657;0.181491889471017;0.0909951641965872;0.0404009433645644;0.200665845738464;0.136286215782166;11
0.2;;Deterministic DGP;AMB;0.0697996661453463;0.0103475367890861;0.0688094330873417;0.0547088077738381;0.0681968693850936;3.26069879055023;11
0.2;;Deterministic DGP;MAMB;0.186253101542345;0.0265278088412547;0.160385236844016;0.0734227351828463;0.156493416336131;3.1735478925705;11
0.2;;Deterministic DGP;TBATS;0.0508746992308538;0.00798154089307981;0.0501569735282747;0.0543281789999788;0.0527282085717115;20.2948426532745;11
0.2;;Deterministic DGP;PROPHET;0.048915086292499;0.00708897364987157;0.0483441337518457;0.0187986644462006;0.0508899123376816;2.36959376811981;11
0.2;;Deterministic DGP;MSTL;0.133563845860385;0.0660830714270184;0.114690871456566;0.0142143283051481;0.133716026082506;0.0316153907775879;11
0.4;;Deterministic DGP;X11;0.236671536082109;0.124238087646454;0.198900288411439;0.0329229651868488;0.238566779798324;0.217234826087952;11
0.4;;Deterministic DGP;STL;0.379443625089429;0.36414850025911;0.0995726984417118;0.0512674743885938;0.378952283317926;0.135908665657043;11
0.4;;Deterministic DGP;AMB;0.105483229730778;0.0211588549278473;0.102790846463606;0.0694326347381185;0.116593648823173;3.27028539657593;11
0.4;;Deterministic DGP;MAMB;0.284614945323725;0.0429540601465663;0.226906910354969;0.0477221790586883;0.245441255585329;3.09943597316742;11
0.4;;Deterministic DGP;TBATS;0.0572178805067991;0.016979497777065;0.054472431433972;0.0646813694659073;0.0785634830737009;19.2008841753006;11
0.4;;Deterministic DGP;PROPHET;0.0560220392948854;0.0147308834909634;0.0538422982093781;0.0256028207408267;0.0608511910857316;2.08885020256042;11
0.4;;Deterministic DGP;MSTL;0.206964198485138;0.133550423672916;0.154005517910408;0.0225880327842165;0.207718015283661;0.0279577112197876;11
0.6;;Deterministic DGP;X11;0.350896293648433;0.184900874067428;0.294203877793756;0.0456294831088389;0.353723975828218;0.211384711265564;11
0.6;;Deterministic DGP;STL;0.559886493303301;0.54454527948728;0.117143255190906;0.0636750140508365;0.560888122710075;0.141577019691467;11
0.6;;Deterministic DGP;AMB;0.147276871485366;0.0322987725374695;0.142856652443149;0.0754198787888213;0.161011281452573;3.68556683540344;11
0.6;;Deterministic DGP;MAMB;0.37082437457749;0.0565541936432789;0.259168529555733;0.0532839344807093;0.283523255630888;3.10364886283875;11
0.6;;Deterministic DGP;TBATS;0.0687317311396671;0.0238768395488555;0.0639623902071169;0.0810961238037004;0.101359882168805;21.0796006441116;11
0.6;;Deterministic DGP;PROPHET;0.0687614340530002;0.0223401351048134;0.0646700997557837;0.0315375680069335;0.0756602186483149;2.01864657402039;11
0.6;;Deterministic DGP;MSTL;0.292881213772567;0.199372135906593;0.207860424216654;0.0305196150629769;0.294274927402528;0.0410962104797363;11
0.2;0.025;Stochastic DGP;X11;0.214667542347767;0.0668016342134785;0.204457529280121;0.0660651995920511;0.199851346361649;0.210841135978699;11
0.2;0.025;Stochastic DGP;STL;0.363756024057044;0.182343412592677;0.313250126844106;0.157245822797349;0.305144658984502;0.135420417785645;11
0.2;0.025;Stochastic DGP;AMB;0.36275747318294;0.059315902404602;0.356867560261863;0.354332994984102;0.0997027429648042;3.25261910438538;11
0.2;0.025;Stochastic DGP;MAMB;0.21131105772286;0.0924655444801462;0.212992466581754;0.0584521213541065;0.201400886677729;4.7322697019577;11
0.2;0.025;Stochastic DGP;TBATS;0.377579155563216;0.151616809520333;0.333284547018784;0.366024229233709;0.170765913475123;29.1327945184708;11
0.2;0.025;Stochastic DGP;PROPHET;0.484192385222368;0.246469932574986;0.406597308239724;0.136006413053737;0.453491948965499;3.71142991542816;11
0.2;0.025;Stochastic DGP;MSTL;0.350500129509101;0.0696821351537583;0.34304017574983;0.0495787930171939;0.346463423314051;0.0345927762985229;11
0.4;0.05;Stochastic DGP;X11;0.298563628166333;0.132944683305599;0.268442716834212;0.0699831806388043;0.288698246339871;0.209771451950073;11
0.4;0.05;Stochastic DGP;STL;0.494505969098539;0.363340673010159;0.330833221975843;0.166037413178972;0.449495079882208;0.137334699630737;11
0.4;0.05;Stochastic DGP;AMB;0.409819504691787;0.0940109946720084;0.397581782648023;0.388894353651757;0.15934399948076;2.88721522331238;11
0.4;0.05;Stochastic DGP;MAMB;0.407020416801181;0.139131088973162;0.392480895723942;0.0699773783707719;0.394976327296839;6.14997731208801;11
0.4;0.05;Stochastic DGP;TBATS;0.420349251080378;0.239830085553907;0.318626484792969;0.443932774582543;0.345371047675659;29.9073518943787;11
0.4;0.05;Stochastic DGP;PROPHET;0.622974760192034;0.43156635798528;0.426915347266266;0.108171670809908;0.604620434372458;3.08236676216125;11
0.4;0.05;Stochastic DGP;MSTL;0.399628184947258;0.1387777637265;0.373035091798477;0.0489328343086298;0.396598682823394;0.034400053024292;11
0.6;0.075;Stochastic DGP;X11;0.403621928738607;0.192634276505072;0.353849526228119;0.0852768016423392;0.395015640181015;0.211393337249756;11
0.6;0.075;Stochastic DGP;STL;0.660894251195582;0.545862742408846;0.361310757941153;0.18829898473493;0.619965282249697;0.136665835380554;11
0.6;0.075;Stochastic DGP;AMB;0.463108942342563;0.122803740706318;0.445061510917885;0.426237917545813;0.2131085902058;3.03445212841034;11
0.6;0.075;Stochastic DGP;MAMB;0.585631820841716;0.161023882064165;0.555098093228823;0.0823547339888798;0.573773568046139;5.09236043930054;11
0.6;0.075;Stochastic DGP;TBATS;0.545812426522793;0.310893758005823;0.413649139638216;0.467663576843959;0.361973422770911;28.3647233819962;11
0.6;0.075;Stochastic DGP;PROPHET;0.682366053105114;0.485261697021028;0.463450902986462;0.106678731502884;0.664791438162358;2.75504710674286;11
0.6;0.075;Stochastic DGP;MSTL;0.474951564172604;0.204998614171692;0.423960904337177;0.0600559622224203;0.472078218290539;0.0614800357818603;11
0.2;;Deterministic DGP;X11;0.122403410736624;0.0614337848426254;0.104906147335337;0.0190935455837262;0.123032974268456;0.233088974952698;12
0.2;;Deterministic DGP;STL;0.200795304392202;0.181267439599127;0.0838670516066017;0.0378914142079892;0.198041048160628;0.147974076271057;12
0.2;;Deterministic DGP;AMB;0.0693761697327446;0.0107286170832376;0.0683156099968729;0.0552627043979891;0.0675641638258184;3.42862188339233;12
0.2;;Deterministic DGP;MAMB;0.178594391916293;0.0260558229734004;0.154434237808846;0.054443334584288;0.157263051627761;3.33191918849945;12
0.2;;Deterministic DGP;TBATS;0.0505379860221461;0.00755321822940208;0.0499023311471418;0.0532903844689948;0.0524594028879533;20.7068003177643;12
0.2;;Deterministic DGP;PROPHET;0.0503719332873383;0.00717138081984001;0.0498032012766278;0.0174350458247883;0.0522248160960221;2.37633253574371;12
0.2;;Deterministic DGP;MSTL;0.128599624156478;0.0661602129812983;0.108698859999693;0.0139385909527063;0.1286757401302;0.0260299396514893;12
0.4;;Deterministic DGP;X11;0.233704593466393;0.123107251988542;0.196262504173798;0.0317408718941256;0.235468448813751;0.234824471473694;12
0.4;;Deterministic DGP;STL;0.377386099282922;0.363692356303879;0.0931279709865427;0.0481597512048845;0.377247923987138;0.150155129432678;12
0.4;;Deterministic DGP;AMB;0.104877016802719;0.0203854903057971;0.102382942422135;0.0671104648929484;0.114895920065932;3.42983131408691;12
0.4;;Deterministic DGP;MAMB;0.30108121964862;0.0432510623561474;0.227126549712531;0.0485055830206406;0.245378982914639;3.00939072608948;12
0.4;;Deterministic DGP;TBATS;0.05740930568702;0.0145778500473417;0.0553560891271382;0.0629226943873339;0.0776713455563166;21.982055439949;12
0.4;;Deterministic DGP;PROPHET;0.0564023144660038;0.0134106236604597;0.0546088326398159;0.0246415271198707;0.0611021376101377;2.22738885879517;12
0.4;;Deterministic DGP;MSTL;0.203435016002528;0.132834943196772;0.150004846877563;0.0219075308876172;0.204317107005884;0.0338925695419312;12
0.6;;Deterministic DGP;X11;0.348105630151737;0.184750336554929;0.291344698506076;0.0467048197575029;0.351036415136728;0.235233483314514;12
0.6;;Deterministic DGP;STL;0.557309204497227;0.543873985296594;0.107421098073287;0.0631720868565535;0.558659502616061;0.150058083534241;12
0.6;;Deterministic DGP;AMB;0.141362628975742;0.031683456541341;0.136947234471761;0.0733634094994601;0.155387824998074;4.08737183094025;12
0.6;;Deterministic DGP;MAMB;0.339679518942564;0.056504081364043;0.248859009124908;0.0529656996134982;0.271704115932421;3.27600966453552;12
0.6;;Deterministic DGP;TBATS;0.0685223133611519;0.0227663522724595;0.0642076028408424;0.0806080373559958;0.10038684513749;21.9528881311417;12
0.6;;Deterministic DGP;PROPHET;0.0660778437273138;0.0217958558274503;0.0620949998037236;0.031749761146741;0.0729043551024476;2.10067362785339;12
0.6;;Deterministic DGP;MSTL;0.286213744565971;0.199403725698903;0.198548436812819;0.0302985125787817;0.287577756926748;0.047689847946167;12
0.2;0.025;Stochastic DGP;X11;0.223207989893529;0.0687716623003294;0.213228485511358;0.0708859515734366;0.206865336682056;0.234367446899414;12
0.2;0.025;Stochastic DGP;STL;0.371729653744732;0.181811047276807;0.322227445418871;0.162972694011146;0.308398801318307;0.14903341293335;12
0.2;0.025;Stochastic DGP;AMB;0.382197192154228;0.06236759728908;0.375966571557071;0.373116411760142;0.102541780365119;3.26599633693695;12
0.2;0.025;Stochastic DGP;MAMB;0.211697483942225;0.112033653405295;0.227379688722287;0.0627623729825034;0.199915493124577;4.75016391277313;12
0.2;0.025;Stochastic DGP;TBATS;0.405946151822475;0.178062017687637;0.344383091571769;0.381873495221568;0.162567043893892;33.4438519668579;12
0.2;0.025;Stochastic DGP;PROPHET;0.561376197162178;0.316006819935261;0.440413671091856;0.130448992726425;0.535723764027362;3.6761536693573;12
0.2;0.025;Stochastic DGP;MSTL;0.362665915613409;0.0707605327152701;0.355288347012792;0.0521683128408487;0.357941538528523;0.0319672346115112;12
0.4;0.05;Stochastic DGP;X11;0.302236856174398;0.130768736408812;0.272684670982123;0.0716330168138829;0.292039879589836;0.235114064216614;12
0.4;0.05;Stochastic DGP;STL;0.495331828655191;0.363035355465955;0.332406010152988;0.171909764540322;0.446243829973059;0.14965371131897;12
0.4;0.05;Stochastic DGP;AMB;0.420799440021789;0.0903660012353829;0.410235973948797;0.401666181699724;0.156284101946726;3.27169255256653;12
0.4;0.05;Stochastic DGP;MAMB;0.401567085995955;0.136433863915765;0.391608036212574;0.069657272726854;0.395887773105512;6.71935514450073;12
0.4;0.05;Stochastic DGP;TBATS;0.442427390512434;0.250132351805433;0.340020686063819;0.393218203629662;0.266136254491922;32.8503645324707;12
0.4;0.05;Stochastic DGP;PROPHET;0.628128273470057;0.423792068829716;0.443545303093904;0.104894704690981;0.610247392562841;3.25864191532135;12
0.4;0.05;Stochastic DGP;MSTL;0.398811748226374;0.137828474196507;0.372405577601502;0.0499662224982274;0.39515309152136;0.044909839630127;12
0.6;0.075;Stochastic DGP;X11;0.399994480038688;0.190884331325506;0.350422441860845;0.0796895730080947;0.393329211716241;0.23498948097229;12
0.6;0.075;Stochastic DGP;STL;0.650651122642925;0.543525459930774;0.347392423002047;0.172495714557003;0.617552587195223;0.149941568374634;12
0.6;0.075;Stochastic DGP;AMB;0.459670687492966;0.118747875651923;0.442777733872308;0.424460596914111;0.21098956112096;3.33635555267334;12
0.6;0.075;Stochastic DGP;MAMB;0.576197664257386;0.153308077815027;0.539444055129412;0.0756952751772389;0.561041186281569;5.98847915172577;12
0.6;0.075;Stochastic DGP;TBATS;0.609416032073102;0.268841242647775;0.512496163960046;0.553376993450412;0.343245438341354;30.4559272193909;12
0.6;0.075;Stochastic DGP;PROPHET;0.696992558720433;0.504893384384314;0.462856151841453;0.0889759123725238;0.688905974668488;2.99552060127258;12
0.6;0.075;Stochastic DGP;MSTL;0.46252277254941;0.202957134659403;0.411233176104417;0.0595112834509423;0.460273496102281;0.0364426231384277;12
